49a2c5a0-ddab-4871-bb0c-38837c6c2848,Accumulation - Small
28daaeb8-19d3-4ac9-bc1f-73b08cf30da3,Double Bottom - Medium
ba798761-21ee-4c91-815f-a8f535c6a1cf,Accumulation - Medium
5bc3c65f-9453-454c-8f5d-95ec01ad781d,Bull Flag - Large
7a5ef5eb-88ad-4e51-802d-e3efe47588be,Accumulation - Large
ae6cc060-2961-4a87-9a8a-f9ccc387e433,Double Bottom - Large
4386a7f6-4054-48b7-a874-9b9629c6a528,Bull Flag - Small
e3f74478-4a0b-44fe-9e1c-24fe0f0ce69b,Bull Flag - Medium
151c97b6-3675-4b62-aa6b-1d0c67033db1,Double Bottom - Small
